build	problem	threads	repeat	mainloop_s	rss_kb	rc	iterations	phase	objValPrimal
upstream-6eaad8d	dE4	1	1	49.244806	391336	0	4	noINFO	2.1206252458976116e+07
v7.1.3-omp.3	dE4	1	1	46.602268	416280	0	4	noINFO	2.1206252458976116e+07
upstream-6eaad8d	dE4	2	1	49.120116	391336	0	4	noINFO	2.1206252458976116e+07
v7.1.3-omp.3	dE4	2	1	47.017606	416068	0	4	noINFO	2.1206252458976116e+07
upstream-6eaad8d	dE4	4	1	47.803927	391512	0	4	noINFO	2.1206252458976116e+07
v7.1.3-omp.3	dE4	4	1	24.240670	415772	0	4	noINFO	2.1206252458976116e+07
upstream-6eaad8d	dE4	8	1	47.142980	391116	0	4	noINFO	2.1206252458976116e+07
v7.1.3-omp.3	dE4	8	1	13.978507	415520	0	4	noINFO	2.1206252458976116e+07
upstream-6eaad8d	dE4	16	1	46.967151	391120	0	4	noINFO	2.1206252458976116e+07
v7.1.3-omp.3	dE4	16	1	8.474375	415760	0	4	noINFO	2.1206252458976116e+07
upstream-6eaad8d	dE4	24	1	46.929194	391496	0	4	noINFO	2.1206252458976116e+07
v7.1.3-omp.3	dE4	24	1	6.424094	415232	0	4	noINFO	2.1206252458976116e+07
upstream-6eaad8d	dE3	1	1	434.847832	686612	0	4	noINFO	2.0886785242906671e+07
v7.1.3-omp.3	dE3	1	1	176.236181	686884	0	4	noINFO	2.0886785242906671e+07
upstream-6eaad8d	dE3	2	1	409.170894	686664	0	4	noINFO	2.0886785242906671e+07
v7.1.3-omp.3	dE3	2	1	168.139738	686504	0	4	noINFO	2.0886785242906671e+07
upstream-6eaad8d	dE3	4	1	211.317096	686492	0	4	noINFO	2.0886785242906671e+07
v7.1.3-omp.3	dE3	4	1	88.175185	686700	0	4	noINFO	2.0886785242906671e+07
upstream-6eaad8d	dE3	8	1	120.686786	686672	0	4	noINFO	2.0886785242906671e+07
v7.1.3-omp.3	dE3	8	1	49.623024	686812	0	4	noINFO	2.0886785242906671e+07
upstream-6eaad8d	dE3	16	1	71.082989	686332	0	4	noINFO	2.0886785242906671e+07
v7.1.3-omp.3	dE3	16	1	27.888327	686552	0	4	noINFO	2.0886785242906671e+07
upstream-6eaad8d	dE3	24	1	60.776029	686512	0	4	noINFO	2.0886785242906671e+07
v7.1.3-omp.3	dE3	24	1	23.029627	686792	0	4	noINFO	2.0886785242906671e+07
upstream-6eaad8d	dE4	1	2	49.254699	391364	0	4	noINFO	2.1206252458976116e+07
v7.1.3-omp.3	dE4	1	2	46.624200	416276	0	4	noINFO	2.1206252458976116e+07
upstream-6eaad8d	dE4	2	2	49.143584	391324	0	4	noINFO	2.1206252458976116e+07
v7.1.3-omp.3	dE4	2	2	47.058912	416124	0	4	noINFO	2.1206252458976116e+07
upstream-6eaad8d	dE4	4	2	47.792890	391016	0	4	noINFO	2.1206252458976116e+07
v7.1.3-omp.3	dE4	4	2	24.256149	415796	0	4	noINFO	2.1206252458976116e+07
upstream-6eaad8d	dE4	8	2	47.123389	391252	0	4	noINFO	2.1206252458976116e+07
v7.1.3-omp.3	dE4	8	2	14.143356	415736	0	4	noINFO	2.1206252458976116e+07
upstream-6eaad8d	dE4	16	2	46.873696	391172	0	4	noINFO	2.1206252458976116e+07
v7.1.3-omp.3	dE4	16	2	8.294280	415712	0	4	noINFO	2.1206252458976116e+07
upstream-6eaad8d	dE4	24	2	46.945066	390984	0	4	noINFO	2.1206252458976116e+07
v7.1.3-omp.3	dE4	24	2	6.519705	415804	0	4	noINFO	2.1206252458976116e+07
upstream-6eaad8d	dE3	1	2	434.573251	686556	0	4	noINFO	2.0886785242906671e+07
v7.1.3-omp.3	dE3	1	2	176.262052	686680	0	4	noINFO	2.0886785242906671e+07
upstream-6eaad8d	dE3	2	2	408.946305	686512	0	4	noINFO	2.0886785242906671e+07
v7.1.3-omp.3	dE3	2	2	168.060675	686688	0	4	noINFO	2.0886785242906671e+07
upstream-6eaad8d	dE3	4	2	211.324993	686492	0	4	noINFO	2.0886785242906671e+07
v7.1.3-omp.3	dE3	4	2	88.198891	686772	0	4	noINFO	2.0886785242906671e+07
upstream-6eaad8d	dE3	8	2	121.627852	685940	0	4	noINFO	2.0886785242906671e+07
v7.1.3-omp.3	dE3	8	2	49.629462	686676	0	4	noINFO	2.0886785242906671e+07
upstream-6eaad8d	dE3	16	2	70.936064	686268	0	4	noINFO	2.0886785242906671e+07
v7.1.3-omp.3	dE3	16	2	27.688498	686568	0	4	noINFO	2.0886785242906671e+07
upstream-6eaad8d	dE3	24	2	60.923409	686504	0	4	noINFO	2.0886785242906671e+07
v7.1.3-omp.3	dE3	24	2	22.811255	686828	0	4	noINFO	2.0886785242906671e+07
upstream-6eaad8d	dE4	1	3	49.242183	391416	0	4	noINFO	2.1206252458976116e+07
v7.1.3-omp.3	dE4	1	3	46.685690	416108	0	4	noINFO	2.1206252458976116e+07
upstream-6eaad8d	dE4	2	3	49.295768	391404	0	4	noINFO	2.1206252458976116e+07
v7.1.3-omp.3	dE4	2	3	47.062267	416100	0	4	noINFO	2.1206252458976116e+07
upstream-6eaad8d	dE4	4	3	47.845225	391292	0	4	noINFO	2.1206252458976116e+07
v7.1.3-omp.3	dE4	4	3	24.273074	416100	0	4	noINFO	2.1206252458976116e+07
upstream-6eaad8d	dE4	8	3	47.188296	391392	0	4	noINFO	2.1206252458976116e+07
v7.1.3-omp.3	dE4	8	3	14.140213	415472	0	4	noINFO	2.1206252458976116e+07
upstream-6eaad8d	dE4	16	3	46.904306	390864	0	4	noINFO	2.1206252458976116e+07
v7.1.3-omp.3	dE4	16	3	8.155680	415784	0	4	noINFO	2.1206252458976116e+07
upstream-6eaad8d	dE4	24	3	46.948229	391240	0	4	noINFO	2.1206252458976116e+07
v7.1.3-omp.3	dE4	24	3	6.486639	415476	0	4	noINFO	2.1206252458976116e+07
upstream-6eaad8d	dE3	1	3	435.097612	686512	0	4	noINFO	2.0886785242906671e+07
v7.1.3-omp.3	dE3	1	3	176.418439	686696	0	4	noINFO	2.0886785242906671e+07
upstream-6eaad8d	dE3	2	3	409.144159	686508	0	4	noINFO	2.0886785242906671e+07
v7.1.3-omp.3	dE3	2	3	168.106709	686660	0	4	noINFO	2.0886785242906671e+07
upstream-6eaad8d	dE3	4	3	211.325843	686520	0	4	noINFO	2.0886785242906671e+07
v7.1.3-omp.3	dE3	4	3	88.203345	686652	0	4	noINFO	2.0886785242906671e+07
upstream-6eaad8d	dE3	8	3	120.635903	686284	0	4	noINFO	2.0886785242906671e+07
v7.1.3-omp.3	dE3	8	3	49.846527	686576	0	4	noINFO	2.0886785242906671e+07
upstream-6eaad8d	dE3	16	3	71.490901	686608	0	4	noINFO	2.0886785242906671e+07
v7.1.3-omp.3	dE3	16	3	27.861380	686568	0	4	noINFO	2.0886785242906671e+07
upstream-6eaad8d	dE3	24	3	60.953184	686368	0	4	noINFO	2.0886785242906671e+07
v7.1.3-omp.3	dE3	24	3	22.755527	686880	0	4	noINFO	2.0886785242906671e+07
