machine	backend	problem	m	config	threads	cpuset	repeat	wall_s	mainloop_s	iters	obj	peak_rss_MB	status
thanos-epyc7232p	dd	control1	21	v712	1	0	1	0.11	0.110000	77	1.7784626717523405e+01	11.6	ok
thanos-epyc7232p	dd	control1	21	v712	1	0	2	0.11	0.090000	77	1.7784626717523405e+01	11.7	ok
thanos-epyc7232p	dd	control1	21	v712	1	0	3	0.12	0.100000	77	1.7784626717523405e+01	11.7	ok
thanos-epyc7232p	dd	control1	21	upstream1	1	0	1	0.12	0.110626	71	1.7784626717523405e+01	11.6	ok
thanos-epyc7232p	dd	control1	21	upstream1	1	0	2	0.12	0.109907	71	1.7784626717523405e+01	11.6	ok
thanos-epyc7232p	dd	control1	21	upstream1	1	0	3	0.12	0.109969	71	1.7784626717523405e+01	11.6	ok
thanos-epyc7232p	dd	control1	21	upstream8	8	0-7	1	0.15	0.142249	69	1.7784626717523405e+01	11.7	ok
thanos-epyc7232p	dd	control1	21	upstream8	8	0-7	2	0.18	0.169270	82	1.7784626717523405e+01	11.7	ok
thanos-epyc7232p	dd	control1	21	upstream8	8	0-7	3	0.22	0.214701	109	1.7784626717523405e+01	11.5	ok
thanos-epyc7232p	dd	control1	21	fork1	1	0	1	0.11	0.099377	71	1.7784626717523405e+01	11.8	ok
thanos-epyc7232p	dd	control1	21	fork1	1	0	2	0.10	0.098460	71	1.7784626717523405e+01	11.6	ok
thanos-epyc7232p	dd	control1	21	fork1	1	0	3	0.10	0.097773	71	1.7784626717523405e+01	11.7	ok
thanos-epyc7232p	dd	control1	21	fork8	8	0-7	1	0.11	0.099213	71	1.7784626717523405e+01	11.8	ok
thanos-epyc7232p	dd	control1	21	fork8	8	0-7	2	0.11	0.099631	71	1.7784626717523405e+01	11.6	ok
thanos-epyc7232p	dd	control1	21	fork8	8	0-7	3	0.11	0.099385	71	1.7784626717523405e+01	11.7	ok
thanos-epyc7232p	dd	gpp100	101	v712	1	0	1	2.96	2.910000	23	-4.4943074465425582e+01	11.8	ok
thanos-epyc7232p	dd	gpp100	101	v712	1	0	2	2.62	2.580000	23	-4.4943074465425582e+01	11.6	ok
thanos-epyc7232p	dd	gpp100	101	v712	1	0	3	2.62	2.590000	23	-4.4943074465425582e+01	11.6	ok
thanos-epyc7232p	dd	gpp100	101	upstream1	1	0	1	3.19	3.165350	23	-4.4943074465425575e+01	11.7	ok
thanos-epyc7232p	dd	gpp100	101	upstream1	1	0	2	3.19	3.161218	23	-4.4943074465425575e+01	11.7	ok
thanos-epyc7232p	dd	gpp100	101	upstream1	1	0	3	3.18	3.159034	23	-4.4943074465425575e+01	11.8	ok
thanos-epyc7232p	dd	gpp100	101	upstream8	8	0-7	1	1.32	1.296757	23	-4.4943074465425575e+01	11.7	ok
thanos-epyc7232p	dd	gpp100	101	upstream8	8	0-7	2	1.22	1.194350	23	-4.4943074465425582e+01	11.6	ok
thanos-epyc7232p	dd	gpp100	101	upstream8	8	0-7	3	1.01	0.983557	23	-4.4943074465425575e+01	11.7	ok
thanos-epyc7232p	dd	gpp100	101	fork1	1	0	1	2.85	2.829054	23	-4.4943074465425575e+01	11.7	ok
thanos-epyc7232p	dd	gpp100	101	fork1	1	0	2	2.86	2.832606	23	-4.4943074465425575e+01	11.7	ok
thanos-epyc7232p	dd	gpp100	101	fork1	1	0	3	2.86	2.835505	23	-4.4943074465425575e+01	11.7	ok
thanos-epyc7232p	dd	gpp100	101	fork8	8	0-7	1	1.24	1.213197	23	-4.4943074465425575e+01	11.7	ok
thanos-epyc7232p	dd	gpp100	101	fork8	8	0-7	2	1.23	1.206405	23	-4.4943074465425575e+01	11.7	ok
thanos-epyc7232p	dd	gpp100	101	fork8	8	0-7	3	1.26	1.222865	23	-4.4943074465425575e+01	11.6	ok
thanos-epyc7232p	dd	control2	66	v712	1	0	1	0.65	0.620000	64	8.2999999857902349e+00	11.8	ok
thanos-epyc7232p	dd	control2	66	v712	1	0	2	0.65	0.620000	64	8.2999999857902349e+00	11.6	ok
thanos-epyc7232p	dd	control2	66	v712	1	0	3	0.65	0.630000	64	8.2999999857902349e+00	11.7	ok
thanos-epyc7232p	dd	control2	66	upstream1	1	0	1	0.74	0.727193	64	8.2999999857902349e+00	11.7	ok
thanos-epyc7232p	dd	control2	66	upstream1	1	0	2	0.74	0.728302	64	8.2999999857902349e+00	11.6	ok
thanos-epyc7232p	dd	control2	66	upstream1	1	0	3	0.74	0.728903	64	8.2999999857902349e+00	11.6	ok
thanos-epyc7232p	dd	control2	66	upstream8	8	0-7	1	0.55	0.540929	62	8.2999999857902349e+00	11.7	ok
thanos-epyc7232p	dd	control2	66	upstream8	8	0-7	2	0.54	0.531316	62	8.2999999857902349e+00	11.7	ok
thanos-epyc7232p	dd	control2	66	upstream8	8	0-7	3	0.53	0.520599	60	8.2999999857902349e+00	11.7	ok
thanos-epyc7232p	dd	control2	66	fork1	1	0	1	0.69	0.676155	64	8.2999999857902349e+00	11.6	ok
thanos-epyc7232p	dd	control2	66	fork1	1	0	2	0.69	0.677517	64	8.2999999857902349e+00	11.7	ok
thanos-epyc7232p	dd	control2	66	fork1	1	0	3	0.69	0.677556	64	8.2999999857902349e+00	11.6	ok
thanos-epyc7232p	dd	control2	66	fork8	8	0-7	1	0.30	0.291860	64	8.2999999857902349e+00	11.7	ok
thanos-epyc7232p	dd	control2	66	fork8	8	0-7	2	0.30	0.289172	64	8.2999999857902349e+00	11.7	ok
thanos-epyc7232p	dd	control2	66	fork8	8	0-7	3	0.30	0.288263	64	8.2999999857902349e+00	11.7	ok
thanos-epyc7232p	dd	gpp124-1	125	v712	1	0	1	5.06	5.020000	24	-7.3429256740235580e+00	11.7	ok
thanos-epyc7232p	dd	gpp124-1	125	v712	1	0	2	5.07	5.020000	24	-7.3429256740235580e+00	11.7	ok
thanos-epyc7232p	dd	gpp124-1	125	v712	1	0	3	5.06	5.010000	24	-7.3429256740235580e+00	11.6	ok
thanos-epyc7232p	dd	gpp124-1	125	upstream1	1	0	1	6.13	6.098916	24	-7.3429256740235607e+00	11.7	ok
thanos-epyc7232p	dd	gpp124-1	125	upstream1	1	0	2	6.13	6.090599	24	-7.3429256740235607e+00	11.7	ok
thanos-epyc7232p	dd	gpp124-1	125	upstream1	1	0	3	6.13	6.092901	24	-7.3429256740235607e+00	11.7	ok
thanos-epyc7232p	dd	gpp124-1	125	upstream8	8	0-7	1	2.30	2.268567	24	-7.3429256740235749e+00	11.5	ok
thanos-epyc7232p	dd	gpp124-1	125	upstream8	8	0-7	2	1.75	1.714543	24	-7.3429256740235456e+00	11.8	ok
thanos-epyc7232p	dd	gpp124-1	125	upstream8	8	0-7	3	1.76	1.722131	24	-7.3429256740235527e+00	11.6	ok
thanos-epyc7232p	dd	gpp124-1	125	fork1	1	0	1	5.47	5.438205	24	-7.3429256740235607e+00	11.7	ok
thanos-epyc7232p	dd	gpp124-1	125	fork1	1	0	2	5.47	5.436597	24	-7.3429256740235607e+00	11.6	ok
thanos-epyc7232p	dd	gpp124-1	125	fork1	1	0	3	5.47	5.440045	24	-7.3429256740235607e+00	11.7	ok
thanos-epyc7232p	dd	gpp124-1	125	fork8	8	0-7	1	2.27	2.233219	24	-7.3429256740235607e+00	11.7	ok
thanos-epyc7232p	dd	gpp124-1	125	fork8	8	0-7	2	2.25	2.214896	24	-7.3429256740235607e+00	11.8	ok
thanos-epyc7232p	dd	gpp124-1	125	fork8	8	0-7	3	2.26	2.223217	24	-7.3429256740235607e+00	11.7	ok
thanos-epyc7232p	dd	theta1	104	v712	1	0	1	0.51	0.490000	43	2.3000000000000000e+01	11.8	ok
thanos-epyc7232p	dd	theta1	104	v712	1	0	2	0.51	0.500000	43	2.3000000000000000e+01	11.7	ok
thanos-epyc7232p	dd	theta1	104	v712	1	0	3	0.51	0.470000	43	2.3000000000000000e+01	11.7	ok
thanos-epyc7232p	dd	theta1	104	upstream1	1	0	1	0.84	0.833260	50	2.3000000000000000e+01	11.6	ok
thanos-epyc7232p	dd	theta1	104	upstream1	1	0	2	0.84	0.833187	50	2.3000000000000000e+01	11.7	ok
thanos-epyc7232p	dd	theta1	104	upstream1	1	0	3	0.84	0.833000	50	2.3000000000000000e+01	11.6	ok
thanos-epyc7232p	dd	theta1	104	upstream8	8	0-7	1	0.59	0.576576	47	2.3000000000000000e+01	11.7	ok
thanos-epyc7232p	dd	theta1	104	upstream8	8	0-7	2	0.59	0.580814	48	2.3000000000000000e+01	11.8	ok
thanos-epyc7232p	dd	theta1	104	upstream8	8	0-7	3	0.54	0.532863	45	2.3000000000000000e+01	11.6	ok
thanos-epyc7232p	dd	theta1	104	fork1	1	0	1	0.64	0.635733	50	2.3000000000000000e+01	11.7	ok
thanos-epyc7232p	dd	theta1	104	fork1	1	0	2	0.64	0.635768	50	2.3000000000000000e+01	11.6	ok
thanos-epyc7232p	dd	theta1	104	fork1	1	0	3	0.64	0.635966	50	2.3000000000000000e+01	11.7	ok
thanos-epyc7232p	dd	theta1	104	fork8	8	0-7	1	0.45	0.444958	50	2.3000000000000000e+01	11.6	ok
thanos-epyc7232p	dd	theta1	104	fork8	8	0-7	2	0.45	0.443117	50	2.3000000000000000e+01	11.6	ok
thanos-epyc7232p	dd	theta1	104	fork8	8	0-7	3	0.45	0.443670	50	2.3000000000000000e+01	11.5	ok
thanos-epyc7232p	dd	mcp100	100	v712	1	0	1	2.81	2.780000	55	2.2615735148330884e+02	11.6	ok
thanos-epyc7232p	dd	mcp100	100	v712	1	0	2	2.81	2.770000	55	2.2615735148330884e+02	11.7	ok
thanos-epyc7232p	dd	mcp100	100	v712	1	0	3	2.81	2.770000	55	2.2615735148330884e+02	11.7	ok
thanos-epyc7232p	dd	mcp100	100	upstream1	1	0	1	4.87	4.860092	54	2.2615735148330884e+02	11.7	ok
thanos-epyc7232p	dd	mcp100	100	upstream1	1	0	2	4.88	4.862354	54	2.2615735148330884e+02	11.7	ok
thanos-epyc7232p	dd	mcp100	100	upstream1	1	0	3	4.88	4.862297	54	2.2615735148330884e+02	11.7	ok
thanos-epyc7232p	dd	mcp100	100	upstream8	8	0-7	1	2.19	2.171124	54	2.2615735148330884e+02	11.7	ok
thanos-epyc7232p	dd	mcp100	100	upstream8	8	0-7	2	1.69	1.676598	52	2.2615735148330884e+02	11.6	ok
thanos-epyc7232p	dd	mcp100	100	upstream8	8	0-7	3	1.88	1.862518	58	2.2615735148330884e+02	11.7	ok
thanos-epyc7232p	dd	mcp100	100	fork1	1	0	1	3.01	2.993278	54	2.2615735148330884e+02	11.7	ok
thanos-epyc7232p	dd	mcp100	100	fork1	1	0	2	3.01	2.994289	54	2.2615735148330884e+02	11.6	ok
thanos-epyc7232p	dd	mcp100	100	fork1	1	0	3	3.00	2.985524	54	2.2615735148330884e+02	11.6	ok
thanos-epyc7232p	dd	mcp100	100	fork8	8	0-7	1	1.70	1.685478	54	2.2615735148330884e+02	11.7	ok
thanos-epyc7232p	dd	mcp100	100	fork8	8	0-7	2	1.70	1.685592	54	2.2615735148330884e+02	11.6	ok
thanos-epyc7232p	dd	mcp100	100	fork8	8	0-7	3	1.70	1.681949	54	2.2615735148330884e+02	11.7	ok
thanos-epyc7232p	dd	mcp124-1	124	v712	1	0	1	4.41	4.370000	56	1.4199047709767370e+02	11.7	ok
thanos-epyc7232p	dd	mcp124-1	124	v712	1	0	2	4.41	4.370000	56	1.4199047709767370e+02	11.7	ok
thanos-epyc7232p	dd	mcp124-1	124	v712	1	0	3	4.41	4.350000	56	1.4199047709767370e+02	11.7	ok
thanos-epyc7232p	dd	mcp124-1	124	upstream1	1	0	1	8.16	8.146082	50	1.4199047709767370e+02	11.6	ok
thanos-epyc7232p	dd	mcp124-1	124	upstream1	1	0	2	8.17	8.155842	50	1.4199047709767370e+02	11.7	ok
thanos-epyc7232p	dd	mcp124-1	124	upstream1	1	0	3	8.17	8.147477	50	1.4199047709767370e+02	11.8	ok
thanos-epyc7232p	dd	mcp124-1	124	upstream8	8	0-7	1	3.85	3.835372	66	1.4199047709767370e+02	11.8	ok
thanos-epyc7232p	dd	mcp124-1	124	upstream8	8	0-7	2	3.98	3.964000	78	1.4199047709767370e+02	11.8	ok
thanos-epyc7232p	dd	mcp124-1	124	upstream8	8	0-7	3	2.72	2.698845	53	1.4199047709767370e+02	11.7	ok
thanos-epyc7232p	dd	mcp124-1	124	fork1	1	0	1	4.26	4.243106	50	1.4199047709767370e+02	11.8	ok
thanos-epyc7232p	dd	mcp124-1	124	fork1	1	0	2	4.28	4.259904	50	1.4199047709767370e+02	11.6	ok
thanos-epyc7232p	dd	mcp124-1	124	fork1	1	0	3	4.26	4.242140	50	1.4199047709767370e+02	11.7	ok
thanos-epyc7232p	dd	mcp124-1	124	fork8	8	0-7	1	2.42	2.401826	50	1.4199047709767370e+02	11.7	ok
thanos-epyc7232p	dd	mcp124-1	124	fork8	8	0-7	2	2.41	2.394710	50	1.4199047709767370e+02	11.7	ok
thanos-epyc7232p	dd	mcp124-1	124	fork8	8	0-7	3	2.42	2.404718	50	1.4199047709767370e+02	11.6	ok
thanos-epyc7232p	dd	truss5	208	v712	1	0	1	3.11	2.690000	63	-1.3263567797250604e+02	11.8	ok
thanos-epyc7232p	dd	truss5	208	v712	1	0	2	3.11	2.780000	63	-1.3263567797250604e+02	11.7	ok
thanos-epyc7232p	dd	truss5	208	v712	1	0	3	3.11	2.770000	63	-1.3263567797250604e+02	11.6	ok
thanos-epyc7232p	dd	truss5	208	upstream1	1	0	1	2.88	2.855765	62	-1.3263567797250604e+02	11.6	ok
thanos-epyc7232p	dd	truss5	208	upstream1	1	0	2	2.88	2.862207	62	-1.3263567797250604e+02	11.8	ok
thanos-epyc7232p	dd	truss5	208	upstream1	1	0	3	2.88	2.857372	62	-1.3263567797250604e+02	11.7	ok
thanos-epyc7232p	dd	truss5	208	upstream8	8	0-7	1	3.81	3.783505	67	-1.3263567797250604e+02	11.6	ok
thanos-epyc7232p	dd	truss5	208	upstream8	8	0-7	2	3.27	3.248247	59	-1.3263567797250604e+02	11.7	ok
thanos-epyc7232p	dd	truss5	208	upstream8	8	0-7	3	3.52	3.493253	62	-1.3263567797250604e+02	11.7	ok
thanos-epyc7232p	dd	truss5	208	fork1	1	0	1	2.82	2.802505	62	-1.3263567797250604e+02	11.6	ok
thanos-epyc7232p	dd	truss5	208	fork1	1	0	2	2.82	2.795802	62	-1.3263567797250604e+02	11.8	ok
thanos-epyc7232p	dd	truss5	208	fork1	1	0	3	2.82	2.797911	62	-1.3263567797250604e+02	11.6	ok
thanos-epyc7232p	dd	truss5	208	fork8	8	0-7	1	1.86	1.834546	62	-1.3263567797250604e+02	11.7	ok
thanos-epyc7232p	dd	truss5	208	fork8	8	0-7	2	1.76	1.739383	62	-1.3263567797250604e+02	11.6	ok
thanos-epyc7232p	dd	truss5	208	fork8	8	0-7	3	1.74	1.718805	62	-1.3263567797250604e+02	11.7	ok
thanos-epyc7232p	dd	arch0	174	v712	1	0	1	36.56	36.390000	72	5.6651727321592960e-01	11.7	ok
thanos-epyc7232p	dd	arch0	174	v712	1	0	2	36.56	36.380000	72	5.6651727321592960e-01	11.6	ok
thanos-epyc7232p	dd	arch0	174	v712	1	0	3	36.59	36.410000	72	5.6651727321592960e-01	11.6	ok
thanos-epyc7232p	dd	arch0	174	upstream1	1	0	1	50.41	50.377111	72	5.6651727321592960e-01	11.7	ok
thanos-epyc7232p	dd	arch0	174	upstream1	1	0	2	50.41	50.374684	72	5.6651727321592960e-01	11.7	ok
thanos-epyc7232p	dd	arch0	174	upstream1	1	0	3	50.37	50.331739	72	5.6651727321592960e-01	11.6	ok
thanos-epyc7232p	dd	arch0	174	upstream8	8	0-7	1	30.80	30.760928	73	5.6651727321592960e-01	11.7	ok
thanos-epyc7232p	dd	arch0	174	upstream8	8	0-7	2	30.77	30.736111	73	5.6651727321592960e-01	11.7	ok
thanos-epyc7232p	dd	arch0	174	upstream8	8	0-7	3	30.38	30.343120	72	5.6651727321592960e-01	11.8	ok
thanos-epyc7232p	dd	arch0	174	fork1	1	0	1	38.08	38.047785	72	5.6651727321592960e-01	11.7	ok
thanos-epyc7232p	dd	arch0	174	fork1	1	0	2	38.07	38.040366	72	5.6651727321592960e-01	11.6	ok
thanos-epyc7232p	dd	arch0	174	fork1	1	0	3	38.04	38.009172	72	5.6651727321592960e-01	11.7	ok
thanos-epyc7232p	dd	arch0	174	fork8	8	0-7	1	11.05	11.011426	72	5.6651727321592960e-01	11.7	ok
thanos-epyc7232p	dd	arch0	174	fork8	8	0-7	2	10.69	10.651599	72	5.6651727321592960e-01	11.5	ok
thanos-epyc7232p	dd	arch0	174	fork8	8	0-7	3	10.68	10.642033	72	5.6651727321592960e-01	11.8	ok
thanos-epyc7232p	dd	arch2	174	v712	1	0	1	42.50	42.320000	71	6.7151540763990791e-01	11.8	ok
thanos-epyc7232p	dd	arch2	174	v712	1	0	2	42.48	42.270000	71	6.7151540763990791e-01	11.8	ok
thanos-epyc7232p	dd	arch2	174	v712	1	0	3	42.50	42.290000	71	6.7151540763990791e-01	11.6	ok
thanos-epyc7232p	dd	arch2	174	upstream1	1	0	1	56.04	55.999954	71	6.7151540763990791e-01	11.8	ok
thanos-epyc7232p	dd	arch2	174	upstream1	1	0	2	55.95	55.918770	71	6.7151540763990791e-01	11.7	ok
thanos-epyc7232p	dd	arch2	174	upstream1	1	0	3	56.05	56.019628	71	6.7151540763990791e-01	11.7	ok
thanos-epyc7232p	dd	arch2	174	upstream8	8	0-7	1	36.18	36.138072	71	6.7151540763990791e-01	11.7	ok
thanos-epyc7232p	dd	arch2	174	upstream8	8	0-7	2	36.31	36.272731	71	6.7151540763990791e-01	11.7	ok
thanos-epyc7232p	dd	arch2	174	upstream8	8	0-7	3	36.15	36.110410	71	6.7151540763990791e-01	11.7	ok
thanos-epyc7232p	dd	arch2	174	fork1	1	0	1	43.96	43.920637	71	6.7151540763990791e-01	11.8	ok
thanos-epyc7232p	dd	arch2	174	fork1	1	0	2	43.91	43.877143	71	6.7151540763990791e-01	11.8	ok
thanos-epyc7232p	dd	arch2	174	fork1	1	0	3	43.95	43.917582	71	6.7151540763990791e-01	11.7	ok
thanos-epyc7232p	dd	arch2	174	fork8	8	0-7	1	11.77	11.731894	71	6.7151540763990791e-01	11.6	ok
thanos-epyc7232p	dd	arch2	174	fork8	8	0-7	2	11.27	11.237576	71	6.7151540763990791e-01	11.7	ok
thanos-epyc7232p	dd	arch2	174	fork8	8	0-7	3	11.31	11.269628	71	6.7151540763990791e-01	11.7	ok
thanos-epyc7232p	dd	arch4	174	v712	1	0	1	42.45	42.250000	71	9.7262741740980896e-01	11.7	ok
thanos-epyc7232p	dd	arch4	174	v712	1	0	2	42.55	42.380000	71	9.7262741740980896e-01	11.7	ok
thanos-epyc7232p	dd	arch4	174	v712	1	0	3	42.45	42.240000	71	9.7262741740980896e-01	11.8	ok
thanos-epyc7232p	dd	arch4	174	upstream1	1	0	1	56.74	56.705658	72	9.7262741740980896e-01	11.7	ok
thanos-epyc7232p	dd	arch4	174	upstream1	1	0	2	56.81	56.776936	72	9.7262741740980896e-01	11.8	ok
thanos-epyc7232p	dd	arch4	174	upstream1	1	0	3	56.78	56.740580	72	9.7262741740980896e-01	11.7	ok
thanos-epyc7232p	dd	arch4	174	upstream8	8	0-7	1	37.16	37.124288	73	9.7262741740980896e-01	11.8	ok
thanos-epyc7232p	dd	arch4	174	upstream8	8	0-7	2	36.72	36.685869	72	9.7262741740980896e-01	11.6	ok
thanos-epyc7232p	dd	arch4	174	upstream8	8	0-7	3	36.60	36.565962	72	9.7262741740980896e-01	11.7	ok
thanos-epyc7232p	dd	arch4	174	fork1	1	0	1	44.51	44.469407	72	9.7262741740980896e-01	11.8	ok
thanos-epyc7232p	dd	arch4	174	fork1	1	0	2	44.50	44.464505	72	9.7262741740980896e-01	11.7	ok
thanos-epyc7232p	dd	arch4	174	fork1	1	0	3	44.52	44.481331	72	9.7262741740980896e-01	11.8	ok
thanos-epyc7232p	dd	arch4	174	fork8	8	0-7	1	11.84	11.799235	72	9.7262741740980896e-01	11.8	ok
thanos-epyc7232p	dd	arch4	174	fork8	8	0-7	2	11.37	11.336725	72	9.7262741740980896e-01	11.8	ok
thanos-epyc7232p	dd	arch4	174	fork8	8	0-7	3	11.31	11.270569	72	9.7262741740980896e-01	11.7	ok
thanos-epyc7232p	dd	arch8	174	v712	1	0	1	39.52	39.350000	66	7.0569800367002555e+00	11.6	ok
thanos-epyc7232p	dd	arch8	174	v712	1	0	2	39.47	39.280000	66	7.0569800367002555e+00	11.8	ok
thanos-epyc7232p	dd	arch8	174	v712	1	0	3	39.51	39.310000	66	7.0569800367002555e+00	11.7	ok
thanos-epyc7232p	dd	arch8	174	upstream1	1	0	1	52.07	52.033785	66	7.0569800367002555e+00	11.8	ok
thanos-epyc7232p	dd	arch8	174	upstream1	1	0	2	52.07	52.030681	66	7.0569800367002555e+00	11.7	ok
thanos-epyc7232p	dd	arch8	174	upstream1	1	0	3	52.14	52.104450	66	7.0569800367002555e+00	11.7	ok
thanos-epyc7232p	dd	arch8	174	upstream8	8	0-7	1	33.56	33.523085	66	7.0569800367002555e+00	11.9	ok
thanos-epyc7232p	dd	arch8	174	upstream8	8	0-7	2	33.62	33.584126	66	7.0569800367002555e+00	11.7	ok
thanos-epyc7232p	dd	arch8	174	upstream8	8	0-7	3	33.56	33.523545	66	7.0569800367002555e+00	11.7	ok
thanos-epyc7232p	dd	arch8	174	fork1	1	0	1	40.80	40.765507	66	7.0569800367002555e+00	11.7	ok
thanos-epyc7232p	dd	arch8	174	fork1	1	0	2	40.87	40.830769	66	7.0569800367002555e+00	11.9	ok
thanos-epyc7232p	dd	arch8	174	fork1	1	0	3	40.83	40.791590	66	7.0569800367002555e+00	11.7	ok
thanos-epyc7232p	dd	arch8	174	fork8	8	0-7	1	10.91	10.875094	66	7.0569800367002555e+00	11.7	ok
thanos-epyc7232p	dd	arch8	174	fork8	8	0-7	2	10.41	10.376268	66	7.0569800367002555e+00	11.8	ok
thanos-epyc7232p	dd	arch8	174	fork8	8	0-7	3	10.53	10.493801	66	7.0569800367002555e+00	11.8	ok
thanos-epyc7232p	dd	control5	351	v712	1	0	1	39.81	39.500000	60	1.6883599050955794e+01	11.8	ok
thanos-epyc7232p	dd	control5	351	v712	1	0	2	39.77	39.500000	60	1.6883599050955794e+01	11.7	ok
thanos-epyc7232p	dd	control5	351	v712	1	0	3	39.75	39.450000	60	1.6883599050955794e+01	11.7	ok
thanos-epyc7232p	dd	control5	351	upstream1	1	0	1	43.64	43.546465	59	1.6883599050955794e+01	11.7	ok
thanos-epyc7232p	dd	control5	351	upstream1	1	0	2	43.72	43.618563	59	1.6883599050955794e+01	11.7	ok
thanos-epyc7232p	dd	control5	351	upstream1	1	0	3	43.67	43.569365	59	1.6883599050955794e+01	11.6	ok
thanos-epyc7232p	dd	control5	351	upstream8	8	0-7	1	18.09	17.993283	60	1.6883599050955794e+01	11.7	ok
thanos-epyc7232p	dd	control5	351	upstream8	8	0-7	2	17.71	17.612125	59	1.6883599050955794e+01	11.7	ok
thanos-epyc7232p	dd	control5	351	upstream8	8	0-7	3	17.99	17.889369	60	1.6883599050955794e+01	11.8	ok
thanos-epyc7232p	dd	control5	351	fork1	1	0	1	41.89	41.792425	59	1.6883599050955794e+01	11.6	ok
thanos-epyc7232p	dd	control5	351	fork1	1	0	2	41.81	41.707966	59	1.6883599050955794e+01	11.7	ok
thanos-epyc7232p	dd	control5	351	fork1	1	0	3	41.84	41.746597	59	1.6883599050955794e+01	11.7	ok
thanos-epyc7232p	dd	control5	351	fork8	8	0-7	1	9.01	8.914572	59	1.6883599050955794e+01	11.6	ok
thanos-epyc7232p	dd	control5	351	fork8	8	0-7	2	8.45	8.353263	59	1.6883599050955794e+01	11.8	ok
thanos-epyc7232p	dd	control5	351	fork8	8	0-7	3	8.47	8.371001	59	1.6883599050955794e+01	11.8	ok
thanos-epyc7232p	dd	control6	496	v712	1	0	1	95.13	94.590000	59	3.7304412616333281e+01	11.6	ok
thanos-epyc7232p	dd	control6	496	v712	1	0	2	95.18	94.630000	59	3.7304412616333281e+01	11.6	ok
thanos-epyc7232p	dd	control6	496	v712	1	0	3	95.27	94.780000	59	3.7304412616333281e+01	11.7	ok
thanos-epyc7232p	dd	control6	496	upstream1	1	0	1	105.82	105.657016	59	3.7304412616333281e+01	11.6	ok
thanos-epyc7232p	dd	control6	496	upstream1	1	0	2	105.78	105.615216	59	3.7304412616333281e+01	11.7	ok
thanos-epyc7232p	dd	control6	496	upstream1	1	0	3	106.01	105.837724	59	3.7304412616333281e+01	11.8	ok
thanos-epyc7232p	dd	control6	496	upstream8	8	0-7	1	40.01	39.845729	59	3.7304412616333281e+01	11.7	ok
thanos-epyc7232p	dd	control6	496	upstream8	8	0-7	2	39.53	39.362308	59	3.7304412616333281e+01	11.7	ok
thanos-epyc7232p	dd	control6	496	upstream8	8	0-7	3	39.51	39.344010	59	3.7304412616333281e+01	11.6	ok
thanos-epyc7232p	dd	control6	496	fork1	1	0	1	101.65	101.486824	59	3.7304412616333281e+01	11.7	ok
thanos-epyc7232p	dd	control6	496	fork1	1	0	2	101.68	101.517222	59	3.7304412616333281e+01	11.8	ok
thanos-epyc7232p	dd	control6	496	fork1	1	0	3	101.61	101.446516	59	3.7304412616333281e+01	11.7	ok
thanos-epyc7232p	dd	control6	496	fork8	8	0-7	1	19.60	19.427888	59	3.7304412616333281e+01	11.7	ok
thanos-epyc7232p	dd	control6	496	fork8	8	0-7	2	19.08	18.913589	59	3.7304412616333281e+01	11.6	ok
thanos-epyc7232p	dd	control6	496	fork8	8	0-7	3	19.06	18.897187	59	3.7304412616333281e+01	11.7	ok
thanos-epyc7232p	dd	theta2	498	v712	1	0	1	15.01	14.880000	51	3.2879169015772582e+01	11.8	ok
thanos-epyc7232p	dd	theta2	498	v712	1	0	2	14.99	14.840000	51	3.2879169015772582e+01	11.8	ok
thanos-epyc7232p	dd	theta2	498	v712	1	0	3	14.97	14.870000	51	3.2879169015772582e+01	11.5	ok
thanos-epyc7232p	dd	theta2	498	upstream1	1	0	1	19.44	19.412688	56	3.2879169015772582e+01	11.8	ok
thanos-epyc7232p	dd	theta2	498	upstream1	1	0	2	19.51	19.483017	56	3.2879169015772582e+01	11.6	ok
thanos-epyc7232p	dd	theta2	498	upstream1	1	0	3	19.42	19.389158	56	3.2879169015772582e+01	11.7	ok
thanos-epyc7232p	dd	theta2	498	upstream8	8	0-7	1	11.00	10.973041	62	3.2879169015772582e+01	11.8	ok
thanos-epyc7232p	dd	theta2	498	upstream8	8	0-7	2	8.78	8.753793	50	3.2879169015772582e+01	11.7	ok
thanos-epyc7232p	dd	theta2	498	upstream8	8	0-7	3	14.12	14.090923	82	3.2879169015772582e+01	11.9	ok
thanos-epyc7232p	dd	theta2	498	fork1	1	0	1	17.48	17.454011	56	3.2879169015772582e+01	11.8	ok
thanos-epyc7232p	dd	theta2	498	fork1	1	0	2	17.49	17.462878	56	3.2879169015772582e+01	11.8	ok
thanos-epyc7232p	dd	theta2	498	fork1	1	0	3	17.47	17.444993	56	3.2879169015772582e+01	11.8	ok
thanos-epyc7232p	dd	theta2	498	fork8	8	0-7	1	8.54	8.507683	56	3.2879169015772582e+01	11.8	ok
thanos-epyc7232p	dd	theta2	498	fork8	8	0-7	2	8.37	8.346694	56	3.2879169015772582e+01	12.0	ok
thanos-epyc7232p	dd	theta2	498	fork8	8	0-7	3	8.39	8.357710	56	3.2879169015772582e+01	12.0	ok
thanos-epyc7232p	dd	qap8	529	v712	1	0	1	6.93	6.860000	20	-7.5694487097376361e+02	11.8	ok
thanos-epyc7232p	dd	qap8	529	v712	1	0	2	6.94	6.870000	20	-7.5694487097376361e+02	11.8	ok
thanos-epyc7232p	dd	qap8	529	v712	1	0	3	6.93	6.870000	20	-7.5694487097376361e+02	11.7	ok
thanos-epyc7232p	dd	qap8	529	upstream1	1	0	1	7.13	7.108918	19	-7.5694312988433944e+02	11.8	ok
thanos-epyc7232p	dd	qap8	529	upstream1	1	0	2	7.14	7.112734	19	-7.5694312988433944e+02	11.8	ok
thanos-epyc7232p	dd	qap8	529	upstream1	1	0	3	7.15	7.121305	19	-7.5694312988433944e+02	11.8	ok
thanos-epyc7232p	dd	qap8	529	upstream8	8	0-7	1	4.02	3.995830	19	-7.5694313408165556e+02	11.8	ok
thanos-epyc7232p	dd	qap8	529	upstream8	8	0-7	2	4.03	4.008540	19	-7.5694310793339923e+02	11.8	ok
thanos-epyc7232p	dd	qap8	529	upstream8	8	0-7	3	4.12	4.097998	20	-7.5694243449123860e+02	11.7	ok
thanos-epyc7232p	dd	qap8	529	fork1	1	0	1	7.02	6.992940	19	-7.5694312988433944e+02	11.6	ok
thanos-epyc7232p	dd	qap8	529	fork1	1	0	2	7.01	6.985513	19	-7.5694312988433944e+02	11.6	ok
thanos-epyc7232p	dd	qap8	529	fork1	1	0	3	7.03	7.001648	19	-7.5694312988433944e+02	11.7	ok
thanos-epyc7232p	dd	qap8	529	fork8	8	0-7	1	3.34	3.291360	19	-7.5694312988433944e+02	11.8	ok
thanos-epyc7232p	dd	qap8	529	fork8	8	0-7	2	3.11	3.088052	19	-7.5694312988433944e+02	11.8	ok
thanos-epyc7232p	dd	qap8	529	fork8	8	0-7	3	3.11	3.080073	19	-7.5694312988433944e+02	11.8	ok
thanos-epyc7232p	dd	control7	666	v712	1	0	1	207.91	206.910000	60	2.0625072243801760e+01	13.2	ok
thanos-epyc7232p	dd	control7	666	v712	1	0	2	208.02	206.960000	60	2.0625072243801760e+01	13.2	ok
thanos-epyc7232p	dd	control7	666	v712	1	0	3	208.07	207.100000	60	2.0625072243801760e+01	13.2	ok
thanos-epyc7232p	dd	control7	666	upstream1	1	0	1	230.89	230.626504	60	2.0625072243801760e+01	15.4	ok
thanos-epyc7232p	dd	control7	666	upstream1	1	0	2	230.70	230.441490	60	2.0625072243801760e+01	15.4	ok
thanos-epyc7232p	dd	control7	666	upstream1	1	0	3	230.79	230.531179	60	2.0625072243801760e+01	15.2	ok
thanos-epyc7232p	dd	control7	666	upstream8	8	0-7	1	83.61	83.351867	60	2.0625072243801760e+01	15.1	ok
thanos-epyc7232p	dd	control7	666	upstream8	8	0-7	2	83.44	83.179780	60	2.0625072243801760e+01	15.0	ok
thanos-epyc7232p	dd	control7	666	upstream8	8	0-7	3	83.35	83.094019	60	2.0625072243801760e+01	15.1	ok
thanos-epyc7232p	dd	control7	666	fork1	1	0	1	221.90	221.644040	60	2.0625072243801760e+01	15.6	ok
thanos-epyc7232p	dd	control7	666	fork1	1	0	2	222.14	221.884901	60	2.0625072243801760e+01	15.5	ok
thanos-epyc7232p	dd	control7	666	fork1	1	0	3	222.24	221.977477	60	2.0625072243801760e+01	15.5	ok
thanos-epyc7232p	dd	control7	666	fork8	8	0-7	1	40.47	40.206881	60	2.0625072243801760e+01	16.1	ok
thanos-epyc7232p	dd	control7	666	fork8	8	0-7	2	40.16	39.902524	60	2.0625072243801760e+01	16.2	ok
thanos-epyc7232p	dd	control7	666	fork8	8	0-7	3	40.16	39.895318	60	2.0625072243801760e+01	16.4	ok
thanos-epyc7232p	dd	qap9	748	v712	1	0	1	19.74	19.620000	22	-1.4099353243156127e+03	13.3	ok
thanos-epyc7232p	dd	qap9	748	v712	1	0	2	19.76	19.620000	22	-1.4099353243156127e+03	13.3	ok
thanos-epyc7232p	dd	qap9	748	v712	1	0	3	19.76	19.640000	22	-1.4099353243156127e+03	13.3	ok
thanos-epyc7232p	dd	qap9	748	upstream1	1	0	1	18.53	18.491235	19	-1.4099198052029226e+03	15.6	ok
thanos-epyc7232p	dd	qap9	748	upstream1	1	0	2	18.55	18.507269	19	-1.4099198052029226e+03	15.5	ok
thanos-epyc7232p	dd	qap9	748	upstream1	1	0	3	18.54	18.495542	19	-1.4099198052029226e+03	15.6	ok
thanos-epyc7232p	dd	qap9	748	upstream8	8	0-7	1	9.28	9.240921	19	-1.4099199020425237e+03	15.5	ok
thanos-epyc7232p	dd	qap9	748	upstream8	8	0-7	2	10.57	10.509712	21	-1.4099383879441532e+03	15.5	ok
thanos-epyc7232p	dd	qap9	748	upstream8	8	0-7	3	9.29	9.245841	19	-1.4099199043856900e+03	15.7	ok
thanos-epyc7232p	dd	qap9	748	fork1	1	0	1	18.24	18.197443	19	-1.4099198052029226e+03	15.3	ok
thanos-epyc7232p	dd	qap9	748	fork1	1	0	2	18.21	18.173566	19	-1.4099198052029226e+03	15.6	ok
thanos-epyc7232p	dd	qap9	748	fork1	1	0	3	18.26	18.218389	19	-1.4099198052029226e+03	15.3	ok
thanos-epyc7232p	dd	qap9	748	fork8	8	0-7	1	7.65	7.606010	19	-1.4099198052029226e+03	16.3	ok
thanos-epyc7232p	dd	qap9	748	fork8	8	0-7	2	7.56	7.516254	19	-1.4099198052029226e+03	16.3	ok
thanos-epyc7232p	dd	qap9	748	fork8	8	0-7	3	7.53	7.492032	19	-1.4099198052029226e+03	16.5	ok
thanos-epyc7232p	dd	theta3	1106	v712	1	0	1	131.27	130.690000	50	4.2166981488494407e+01	26.2	ok
thanos-epyc7232p	dd	theta3	1106	v712	1	0	2	131.04	130.520000	50	4.2166981488494407e+01	26.2	ok
thanos-epyc7232p	dd	theta3	1106	v712	1	0	3	130.77	130.200000	50	4.2166981488494407e+01	26.2	ok
thanos-epyc7232p	dd	theta3	1106	upstream1	1	0	1	201.69	201.621261	68	4.2166981488494407e+01	28.4	ok
thanos-epyc7232p	dd	theta3	1106	upstream1	1	0	2	201.84	201.778531	68	4.2166981488494407e+01	28.6	ok
thanos-epyc7232p	dd	theta3	1106	upstream1	1	0	3	201.85	201.789313	68	4.2166981488494407e+01	28.3	ok
thanos-epyc7232p	dd	theta3	1106	upstream8	8	0-7	1	64.05	63.981673	52	4.2166981488494407e+01	28.7	ok
thanos-epyc7232p	dd	theta3	1106	upstream8	8	0-7	2	66.66	66.588661	54	4.2166981488494407e+01	28.5	ok
thanos-epyc7232p	dd	theta3	1106	upstream8	8	0-7	3	71.62	71.557613	58	4.2166981488494407e+01	28.3	ok
thanos-epyc7232p	dd	theta3	1106	fork1	1	0	1	190.85	190.782258	68	4.2166981488494407e+01	28.5	ok
thanos-epyc7232p	dd	theta3	1106	fork1	1	0	2	190.91	190.840190	68	4.2166981488494407e+01	28.6	ok
thanos-epyc7232p	dd	theta3	1106	fork1	1	0	3	190.97	190.910003	68	4.2166981488494407e+01	28.7	ok
thanos-epyc7232p	dd	theta3	1106	fork8	8	0-7	1	73.73	73.659353	68	4.2166981488494407e+01	29.8	ok
thanos-epyc7232p	dd	theta3	1106	fork8	8	0-7	2	73.61	73.545607	68	4.2166981488494407e+01	29.9	ok
thanos-epyc7232p	dd	theta3	1106	fork8	8	0-7	3	73.87	73.799611	68	4.2166981488494407e+01	29.7	ok
thanos-epyc7232p	dd	control8	861	v712	1	0	1	411.03	409.350000	61	2.0286360379531459e+01	19.5	ok
thanos-epyc7232p	dd	control8	861	v712	1	0	2	411.39	409.690000	61	2.0286360379531459e+01	19.5	ok
thanos-epyc7232p	dd	control8	861	v712	1	0	3	411.30	409.600000	61	2.0286360379531459e+01	19.5	ok
thanos-epyc7232p	dd	control8	861	upstream1	1	0	1	455.11	454.716466	61	2.0286360379531459e+01	21.6	ok
thanos-epyc7232p	dd	control8	861	upstream1	1	0	2	455.22	454.829696	61	2.0286360379531459e+01	21.7	ok
thanos-epyc7232p	dd	control8	861	upstream1	1	0	3	455.34	454.953684	61	2.0286360379531459e+01	21.9	ok
thanos-epyc7232p	dd	control8	861	upstream8	8	0-7	1	157.60	157.215506	61	2.0286360379531459e+01	21.2	ok
thanos-epyc7232p	dd	control8	861	upstream8	8	0-7	2	155.07	154.684009	60	2.0286360379531459e+01	21.0	ok
thanos-epyc7232p	dd	control8	861	upstream8	8	0-7	3	154.62	154.236727	60	2.0286360379531459e+01	21.2	ok
thanos-epyc7232p	dd	control8	861	fork1	1	0	1	439.34	438.955237	61	2.0286360379531459e+01	21.7	ok
thanos-epyc7232p	dd	control8	861	fork1	1	0	2	439.66	439.272974	61	2.0286360379531459e+01	21.7	ok
thanos-epyc7232p	dd	control8	861	fork1	1	0	3	439.56	439.176741	61	2.0286360379531459e+01	21.6	ok
thanos-epyc7232p	dd	control8	861	fork8	8	0-7	1	77.67	77.281145	61	2.0286360379531459e+01	22.5	ok
thanos-epyc7232p	dd	control8	861	fork8	8	0-7	2	77.32	76.927047	61	2.0286360379531459e+01	22.5	ok
thanos-epyc7232p	dd	control8	861	fork8	8	0-7	3	77.33	76.949042	61	2.0286360379531459e+01	22.4	ok
