machine	backend	problem	m	config	threads	cpuset	param_sha	repeat	wall_s	mainloop_s	iters	phase	obj	peak_rss_MB	status
mac-m1max	dd	control1	21	v712	1	-	-	1	0.05	0.020000	71	-	1.7784626717523405e+01	8.5	ok
mac-m1max	dd	control1	21	v712	1	-	-	2	0.04	0.020000	71	-	1.7784626717523405e+01	8.5	ok
mac-m1max	dd	control1	21	v712	1	-	-	3	0.04	0.020000	71	-	1.7784626717523405e+01	8.5	ok
mac-m1max	dd	gpp100	101	v712	1	-	-	1	0.90	0.860000	23	-	-4.4943074465425589e+01	8.5	ok
mac-m1max	dd	gpp100	101	v712	1	-	-	2	0.92	0.870000	23	-	-4.4943074465425589e+01	8.5	ok
mac-m1max	dd	gpp100	101	v712	1	-	-	3	0.92	0.870000	23	-	-4.4943074465425589e+01	8.5	ok
mac-m1max	dd	control2	66	v712	1	-	-	1	0.23	0.200000	61	-	8.2999999857902349e+00	8.5	ok
mac-m1max	dd	control2	66	v712	1	-	-	2	0.22	0.190000	61	-	8.2999999857902349e+00	8.5	ok
mac-m1max	dd	control2	66	v712	1	-	-	3	0.22	0.190000	61	-	8.2999999857902349e+00	8.5	ok
mac-m1max	dd	gpp124-1	125	v712	1	-	-	1	1.68	1.650000	24	-	-7.3429256740235651e+00	8.5	ok
mac-m1max	dd	gpp124-1	125	v712	1	-	-	2	1.68	1.640000	24	-	-7.3429256740235651e+00	8.5	ok
mac-m1max	dd	gpp124-1	125	v712	1	-	-	3	1.69	1.640000	24	-	-7.3429256740235651e+00	8.5	ok
mac-m1max	dd	theta1	104	v712	1	-	-	1	0.20	0.170000	44	-	2.3000000000000000e+01	8.5	ok
mac-m1max	dd	theta1	104	v712	1	-	-	2	0.21	0.180000	44	-	2.3000000000000000e+01	8.5	ok
mac-m1max	dd	theta1	104	v712	1	-	-	3	0.20	0.170000	44	-	2.3000000000000000e+01	8.5	ok
mac-m1max	dd	mcp100	100	v712	1	-	-	1	1.02	0.980000	55	-	2.2615735148330884e+02	8.5	ok
mac-m1max	dd	mcp100	100	v712	1	-	-	2	1.01	0.980000	55	-	2.2615735148330884e+02	8.5	ok
mac-m1max	dd	mcp100	100	v712	1	-	-	3	1.01	0.970000	55	-	2.2615735148330884e+02	8.5	ok
mac-m1max	dd	mcp124-1	124	v712	1	-	-	1	2.33	2.270000	78	-	1.4199047709767370e+02	8.5	ok
mac-m1max	dd	mcp124-1	124	v712	1	-	-	2	2.36	2.280000	78	-	1.4199047709767370e+02	8.5	ok
mac-m1max	dd	mcp124-1	124	v712	1	-	-	3	2.29	2.230000	78	-	1.4199047709767370e+02	8.5	ok
mac-m1max	dd	truss5	208	v712	1	-	-	1	1.13	0.930000	59	-	-1.3263567797250604e+02	8.5	ok
mac-m1max	dd	truss5	208	v712	1	-	-	2	1.13	0.930000	59	-	-1.3263567797250604e+02	8.5	ok
mac-m1max	dd	truss5	208	v712	1	-	-	3	1.13	0.940000	59	-	-1.3263567797250604e+02	8.5	ok
mac-m1max	dd	arch0	174	v712	1	-	-	1	12.18	12.090000	72	-	5.6651727321592960e-01	9.2	ok
mac-m1max	dd	arch0	174	v712	1	-	-	2	12.20	12.080000	72	-	5.6651727321592960e-01	9.2	ok
mac-m1max	dd	arch0	174	v712	1	-	-	3	12.14	12.040000	72	-	5.6651727321592960e-01	9.2	ok
mac-m1max	dd	arch2	174	v712	1	-	-	1	14.14	14.040000	71	-	6.7151540763990791e-01	9.2	ok
mac-m1max	dd	arch2	174	v712	1	-	-	2	14.09	14.000000	71	-	6.7151540763990791e-01	9.2	ok
mac-m1max	dd	arch2	174	v712	1	-	-	3	14.15	14.030000	71	-	6.7151540763990791e-01	9.2	ok
mac-m1max	dd	arch4	174	v712	1	-	-	1	15.26	15.110000	76	-	9.7262741740980896e-01	9.2	ok
mac-m1max	dd	arch4	174	v712	1	-	-	2	15.21	15.100000	76	-	9.7262741740980896e-01	9.3	ok
mac-m1max	dd	arch4	174	v712	1	-	-	3	15.23	15.090000	76	-	9.7262741740980896e-01	9.3	ok
mac-m1max	dd	arch8	174	v712	1	-	-	1	12.94	12.830000	65	-	7.0569800367002555e+00	9.3	ok
mac-m1max	dd	arch8	174	v712	1	-	-	2	12.99	12.880000	65	-	7.0569800367002555e+00	9.2	ok
mac-m1max	dd	arch8	174	v712	1	-	-	3	13.01	12.890000	65	-	7.0569800367002555e+00	9.2	ok
mac-m1max	dd	control5	351	v712	1	-	-	1	12.10	11.920000	60	-	1.6883599050955794e+01	8.5	ok
mac-m1max	dd	control5	351	v712	1	-	-	2	12.07	11.900000	60	-	1.6883599050955794e+01	8.5	ok
mac-m1max	dd	control5	351	v712	1	-	-	3	12.02	11.890000	60	-	1.6883599050955794e+01	8.5	ok
mac-m1max	dd	control6	496	v712	1	-	-	1	29.66	29.010000	59	-	3.7304412616333281e+01	10.2	ok
mac-m1max	dd	control6	496	v712	1	-	-	2	29.50	28.910000	59	-	3.7304412616333281e+01	10.2	ok
mac-m1max	dd	control6	496	v712	1	-	-	3	29.42	28.990000	59	-	3.7304412616333281e+01	10.3	ok
mac-m1max	dd	theta2	498	v712	1	-	-	1	4.84	4.720000	51	-	3.2879169015772582e+01	9.6	ok
mac-m1max	dd	theta2	498	v712	1	-	-	2	4.68	4.620000	51	-	3.2879169015772582e+01	9.6	ok
mac-m1max	dd	theta2	498	v712	1	-	-	3	4.70	4.620000	51	-	3.2879169015772582e+01	9.6	ok
mac-m1max	dd	qap8	529	v712	1	-	-	1	2.15	2.070000	19	-	-7.5694312382795681e+02	9.3	ok
mac-m1max	dd	qap8	529	v712	1	-	-	2	2.14	2.090000	19	-	-7.5694312382795681e+02	9.2	ok
mac-m1max	dd	qap8	529	v712	1	-	-	3	2.12	2.070000	19	-	-7.5694312382795681e+02	9.2	ok
mac-m1max	dd	control7	666	v712	1	-	-	1	62.82	62.360000	60	-	2.0625072243801760e+01	15.4	ok
mac-m1max	dd	control7	666	v712	1	-	-	2	62.76	62.290000	60	-	2.0625072243801760e+01	15.4	ok
mac-m1max	dd	control7	666	v712	1	-	-	3	63.36	62.790000	60	-	2.0625072243801760e+01	15.4	ok
mac-m1max	dd	qap9	748	v712	1	-	-	1	5.63	5.550000	20	-	-1.4099345258838855e+03	14.2	ok
mac-m1max	dd	qap9	748	v712	1	-	-	2	5.72	5.590000	20	-	-1.4099345258838855e+03	14.2	ok
mac-m1max	dd	qap9	748	v712	1	-	-	3	5.70	5.590000	20	-	-1.4099345258838855e+03	14.2	ok
mac-m1max	dd	theta3	1106	v712	1	-	-	1	58.79	58.110000	74	-	4.2166981488494407e+01	27.6	ok
mac-m1max	dd	theta3	1106	v712	1	-	-	2	58.81	58.210000	74	-	4.2166981488494407e+01	27.6	ok
mac-m1max	dd	theta3	1106	v712	1	-	-	3	59.12	58.280000	74	-	4.2166981488494407e+01	27.7	ok
mac-m1max	dd	control8	861	v712	1	-	-	1	123.42	122.150000	60	-	2.0286360379531459e+01	21.7	ok
mac-m1max	dd	control8	861	v712	1	-	-	2	122.18	121.220000	60	-	2.0286360379531459e+01	21.8	ok
mac-m1max	dd	control8	861	v712	1	-	-	3	121.76	120.860000	60	-	2.0286360379531459e+01	21.7	ok
mac-m1max	dd	control1	21	upstream1	1	-	-	1	0.05	0.023002	69	-	1.7784626717523405e+01	8.5	ok
mac-m1max	dd	control1	21	upstream1	1	-	-	2	0.05	0.023938	69	-	1.7784626717523405e+01	8.5	ok
mac-m1max	dd	control1	21	upstream1	1	-	-	3	0.07	0.022885	69	-	1.7784626717523405e+01	8.5	ok
mac-m1max	dd	gpp100	101	upstream1	1	-	-	1	1.00	0.967231	23	-	-4.4943074465425575e+01	8.5	ok
mac-m1max	dd	gpp100	101	upstream1	1	-	-	2	1.01	0.981783	23	-	-4.4943074465425575e+01	8.5	ok
mac-m1max	dd	gpp100	101	upstream1	1	-	-	3	0.96	0.930276	23	-	-4.4943074465425575e+01	8.5	ok
mac-m1max	dd	control2	66	upstream1	1	-	-	1	0.22	0.200223	59	-	8.2999999857902349e+00	8.5	ok
mac-m1max	dd	control2	66	upstream1	1	-	-	2	0.22	0.199495	59	-	8.2999999857902349e+00	8.5	ok
mac-m1max	dd	control2	66	upstream1	1	-	-	3	0.22	0.198736	59	-	8.2999999857902349e+00	8.5	ok
mac-m1max	dd	gpp124-1	125	upstream1	1	-	-	1	1.86	1.817261	24	-	-7.3429256740235651e+00	8.5	ok
mac-m1max	dd	gpp124-1	125	upstream1	1	-	-	2	1.86	1.818624	24	-	-7.3429256740235651e+00	8.5	ok
mac-m1max	dd	gpp124-1	125	upstream1	1	-	-	3	1.91	1.868451	24	-	-7.3429256740235651e+00	8.5	ok
mac-m1max	dd	theta1	104	upstream1	1	-	-	1	0.27	0.247103	45	-	2.3000000000000000e+01	8.5	ok
mac-m1max	dd	theta1	104	upstream1	1	-	-	2	0.27	0.247305	45	-	2.3000000000000000e+01	8.5	ok
mac-m1max	dd	theta1	104	upstream1	1	-	-	3	0.27	0.246614	45	-	2.3000000000000000e+01	8.5	ok
mac-m1max	dd	mcp100	100	upstream1	1	-	-	1	1.92	1.893484	66	-	2.2615735148330884e+02	8.5	ok
mac-m1max	dd	mcp100	100	upstream1	1	-	-	2	1.93	1.903586	66	-	2.2615735148330884e+02	8.5	ok
mac-m1max	dd	mcp100	100	upstream1	1	-	-	3	1.93	1.902621	66	-	2.2615735148330884e+02	8.5	ok
mac-m1max	dd	mcp124-1	124	upstream1	1	-	-	1	3.39	3.350685	62	-	1.4199047709767370e+02	8.5	ok
mac-m1max	dd	mcp124-1	124	upstream1	1	-	-	2	3.46	3.421778	62	-	1.4199047709767370e+02	8.5	ok
mac-m1max	dd	mcp124-1	124	upstream1	1	-	-	3	3.37	3.341218	62	-	1.4199047709767370e+02	8.5	ok
mac-m1max	dd	truss5	208	upstream1	1	-	-	1	0.96	0.926725	63	-	-1.3263567797250604e+02	8.5	ok
mac-m1max	dd	truss5	208	upstream1	1	-	-	2	0.95	0.916036	63	-	-1.3263567797250604e+02	8.5	ok
mac-m1max	dd	truss5	208	upstream1	1	-	-	3	0.95	0.919643	63	-	-1.3263567797250604e+02	8.5	ok
mac-m1max	dd	arch0	174	upstream1	1	-	-	1	15.63	15.596953	72	-	5.6651727321592960e-01	9.5	ok
mac-m1max	dd	arch0	174	upstream1	1	-	-	2	15.65	15.610261	72	-	5.6651727321592960e-01	9.5	ok
mac-m1max	dd	arch0	174	upstream1	1	-	-	3	15.66	15.621188	72	-	5.6651727321592960e-01	9.5	ok
mac-m1max	dd	arch2	174	upstream1	1	-	-	1	17.72	17.683322	71	-	6.7151540763990791e-01	9.5	ok
mac-m1max	dd	arch2	174	upstream1	1	-	-	2	17.72	17.683449	71	-	6.7151540763990791e-01	9.5	ok
mac-m1max	dd	arch2	174	upstream1	1	-	-	3	17.64	17.608244	71	-	6.7151540763990791e-01	9.5	ok
mac-m1max	dd	arch4	174	upstream1	1	-	-	1	17.88	17.840516	72	-	9.7262741740980896e-01	9.5	ok
mac-m1max	dd	arch4	174	upstream1	1	-	-	2	17.92	17.874288	72	-	9.7262741740980896e-01	9.5	ok
mac-m1max	dd	arch4	174	upstream1	1	-	-	3	17.84	17.798042	72	-	9.7262741740980896e-01	9.5	ok
mac-m1max	dd	arch8	174	upstream1	1	-	-	1	16.50	16.461119	66	-	7.0569800367002555e+00	9.5	ok
mac-m1max	dd	arch8	174	upstream1	1	-	-	2	16.42	16.380259	66	-	7.0569800367002555e+00	9.5	ok
mac-m1max	dd	arch8	174	upstream1	1	-	-	3	16.48	16.443898	66	-	7.0569800367002555e+00	9.5	ok
mac-m1max	dd	control5	351	upstream1	1	-	-	1	12.64	12.582448	60	-	1.6883599050955794e+01	8.5	ok
mac-m1max	dd	control5	351	upstream1	1	-	-	2	12.74	12.685922	60	-	1.6883599050955794e+01	8.5	ok
mac-m1max	dd	control5	351	upstream1	1	-	-	3	12.67	12.615624	60	-	1.6883599050955794e+01	8.5	ok
mac-m1max	dd	control6	496	upstream1	1	-	-	1	30.87	30.777524	59	-	3.7304412616333281e+01	10.5	ok
mac-m1max	dd	control6	496	upstream1	1	-	-	2	31.04	30.951509	59	-	3.7304412616333281e+01	10.5	ok
mac-m1max	dd	control6	496	upstream1	1	-	-	3	30.47	30.387478	59	-	3.7304412616333281e+01	10.5	ok
mac-m1max	dd	theta2	498	upstream1	1	-	-	1	6.27	6.235182	59	-	3.2879169015772582e+01	9.9	ok
mac-m1max	dd	theta2	498	upstream1	1	-	-	2	6.13	6.089748	59	-	3.2879169015772582e+01	9.9	ok
mac-m1max	dd	theta2	498	upstream1	1	-	-	3	6.37	6.338445	59	-	3.2879169015772582e+01	9.9	ok
mac-m1max	dd	qap8	529	upstream1	1	-	-	1	2.21	2.179567	19	-	-7.5694293990998108e+02	9.5	ok
mac-m1max	dd	qap8	529	upstream1	1	-	-	2	2.26	2.229094	19	-	-7.5694293990998108e+02	9.5	ok
mac-m1max	dd	qap8	529	upstream1	1	-	-	3	2.27	2.244361	19	-	-7.5694293990998108e+02	9.5	ok
mac-m1max	dd	control7	666	upstream1	1	-	-	1	65.34	65.218930	60	-	2.0625072243801760e+01	15.6	ok
mac-m1max	dd	control7	666	upstream1	1	-	-	2	65.79	65.666703	60	-	2.0625072243801760e+01	15.6	ok
mac-m1max	dd	control7	666	upstream1	1	-	-	3	66.88	66.753943	60	-	2.0625072243801760e+01	15.7	ok
mac-m1max	dd	qap9	748	upstream1	1	-	-	1	5.57	5.535676	19	-	-1.4099198799866915e+03	14.4	ok
mac-m1max	dd	qap9	748	upstream1	1	-	-	2	5.59	5.556835	19	-	-1.4099198799866915e+03	14.5	ok
mac-m1max	dd	qap9	748	upstream1	1	-	-	3	5.57	5.530606	19	-	-1.4099198799866915e+03	14.5	ok
mac-m1max	dd	theta3	1106	upstream1	1	-	-	1	52.51	52.452584	62	-	4.2166981488494407e+01	27.9	ok
mac-m1max	dd	theta3	1106	upstream1	1	-	-	2	52.40	52.350111	62	-	4.2166981488494407e+01	27.7	ok
mac-m1max	dd	theta3	1106	upstream1	1	-	-	3	52.30	52.253125	62	-	4.2166981488494407e+01	27.9	ok
mac-m1max	dd	control8	861	upstream1	1	-	-	1	128.87	128.682368	61	-	2.0286360379531459e+01	22.0	ok
mac-m1max	dd	control8	861	upstream1	1	-	-	2	128.84	128.656778	61	-	2.0286360379531459e+01	22.0	ok
mac-m1max	dd	control8	861	upstream1	1	-	-	3	129.15	128.966741	61	-	2.0286360379531459e+01	22.0	ok
mac-m1max	dd	control1	21	upstream8	8	-	-	1	0.81	0.790388	69	-	1.7784626717523405e+01	8.5	ok
mac-m1max	dd	control1	21	upstream8	8	-	-	2	0.82	0.794785	70	-	1.7784626717523405e+01	8.5	ok
mac-m1max	dd	control1	21	upstream8	8	-	-	3	1.21	1.191591	103	-	1.7784626717523405e+01	8.5	ok
mac-m1max	dd	gpp100	101	upstream8	8	-	-	1	0.80	0.766777	23	-	-4.4943074465425575e+01	8.5	ok
mac-m1max	dd	gpp100	101	upstream8	8	-	-	2	0.79	0.762362	23	-	-4.4943074465425582e+01	8.5	ok
mac-m1max	dd	gpp100	101	upstream8	8	-	-	3	0.87	0.833565	23	-	-4.4943074465425582e+01	8.5	ok
mac-m1max	dd	control2	66	upstream8	8	-	-	1	0.81	0.787261	63	-	8.2999999857902349e+00	8.5	ok
mac-m1max	dd	control2	66	upstream8	8	-	-	2	0.83	0.800644	61	-	8.2999999857902349e+00	8.5	ok
mac-m1max	dd	control2	66	upstream8	8	-	-	3	0.74	0.717123	63	-	8.2999999857902349e+00	8.5	ok
mac-m1max	dd	gpp124-1	125	upstream8	8	-	-	1	1.20	1.158146	24	-	-7.3429256740235616e+00	8.6	ok
mac-m1max	dd	gpp124-1	125	upstream8	8	-	-	2	1.20	1.162434	24	-	-7.3429256740235784e+00	8.6	ok
mac-m1max	dd	gpp124-1	125	upstream8	8	-	-	3	1.20	1.162824	24	-	-7.3429256740235642e+00	8.6	ok
mac-m1max	dd	theta1	104	upstream8	8	-	-	1	0.72	0.684505	46	-	2.3000000000000000e+01	8.5	ok
mac-m1max	dd	theta1	104	upstream8	8	-	-	2	0.67	0.645956	46	-	2.3000000000000000e+01	8.5	ok
mac-m1max	dd	theta1	104	upstream8	8	-	-	3	0.68	0.657845	47	-	2.3000000000000000e+01	8.5	ok
mac-m1max	dd	mcp100	100	upstream8	8	-	-	1	1.57	1.541294	59	-	2.2615735148330884e+02	8.5	ok
mac-m1max	dd	mcp100	100	upstream8	8	-	-	2	1.44	1.406570	53	-	2.2615735148330884e+02	8.5	ok
mac-m1max	dd	mcp100	100	upstream8	8	-	-	3	1.57	1.544388	57	-	2.2615735148330884e+02	8.5	ok
mac-m1max	dd	mcp124-1	124	upstream8	8	-	-	1	2.77	2.738827	77	-	1.4199047709767370e+02	8.5	ok
mac-m1max	dd	mcp124-1	124	upstream8	8	-	-	2	2.11	2.083290	57	-	1.4199047709767370e+02	8.5	ok
mac-m1max	dd	mcp124-1	124	upstream8	8	-	-	3	2.85	2.822628	76	-	1.4199047709767370e+02	8.5	ok
mac-m1max	dd	truss5	208	upstream8	8	-	-	1	8.25	8.205262	61	-	-1.3263567797250604e+02	8.5	ok
mac-m1max	dd	truss5	208	upstream8	8	-	-	2	8.35	8.306826	62	-	-1.3263567797250604e+02	8.5	ok
mac-m1max	dd	truss5	208	upstream8	8	-	-	3	8.42	8.378366	61	-	-1.3263567797250604e+02	8.5	ok
mac-m1max	dd	arch0	174	upstream8	8	-	-	1	5.28	5.238996	72	-	5.6651727321592960e-01	9.6	ok
mac-m1max	dd	arch0	174	upstream8	8	-	-	2	5.28	5.238692	72	-	5.6651727321592960e-01	9.6	ok
mac-m1max	dd	arch0	174	upstream8	8	-	-	3	5.50	5.455883	75	-	5.6651727321592960e-01	9.6	ok
mac-m1max	dd	arch2	174	upstream8	8	-	-	1	5.46	5.425363	71	-	6.7151540763990791e-01	9.7	ok
mac-m1max	dd	arch2	174	upstream8	8	-	-	2	5.70	5.655875	71	-	6.7151540763990791e-01	9.6	ok
mac-m1max	dd	arch2	174	upstream8	8	-	-	3	5.63	5.587407	71	-	6.7151540763990791e-01	9.6	ok
mac-m1max	dd	arch4	174	upstream8	8	-	-	1	5.69	5.643575	72	-	9.7262741740980896e-01	9.6	ok
mac-m1max	dd	arch4	174	upstream8	8	-	-	2	6.50	6.466574	81	-	9.7262741740980896e-01	9.6	ok
mac-m1max	dd	arch4	174	upstream8	8	-	-	3	5.82	5.782972	72	-	9.7262741740980896e-01	9.7	ok
mac-m1max	dd	arch8	174	upstream8	8	-	-	1	5.56	5.518247	65	-	7.0569800367002555e+00	9.7	ok
mac-m1max	dd	arch8	174	upstream8	8	-	-	2	5.29	5.257089	66	-	7.0569800367002555e+00	9.7	ok
mac-m1max	dd	arch8	174	upstream8	8	-	-	3	5.31	5.267565	66	-	7.0569800367002555e+00	9.6	ok
mac-m1max	dd	control5	351	upstream8	8	-	-	1	4.06	3.990099	59	-	1.6883599050955794e+01	8.7	ok
mac-m1max	dd	control5	351	upstream8	8	-	-	2	4.06	3.996251	59	-	1.6883599050955794e+01	8.7	ok
mac-m1max	dd	control5	351	upstream8	8	-	-	3	4.10	4.046478	60	-	1.6883599050955794e+01	8.6	ok
mac-m1max	dd	control6	496	upstream8	8	-	-	1	7.71	7.602714	59	-	3.7304412616333281e+01	11.8	ok
mac-m1max	dd	control6	496	upstream8	8	-	-	2	7.45	7.364113	59	-	3.7304412616333281e+01	11.8	ok
mac-m1max	dd	control6	496	upstream8	8	-	-	3	7.58	7.490687	59	-	3.7304412616333281e+01	11.9	ok
mac-m1max	dd	theta2	498	upstream8	8	-	-	1	3.22	3.185425	51	-	3.2879169015772582e+01	10.7	ok
mac-m1max	dd	theta2	498	upstream8	8	-	-	2	3.57	3.536390	56	-	3.2879169015772582e+01	11.0	ok
mac-m1max	dd	theta2	498	upstream8	8	-	-	3	3.25	3.211298	54	-	3.2879169015772582e+01	10.6	ok
mac-m1max	dd	qap8	529	upstream8	8	-	-	1	1.32	1.287763	19	-	-7.5694307865485098e+02	11.1	ok
mac-m1max	dd	qap8	529	upstream8	8	-	-	2	1.53	1.494461	21	-	-7.5695412205558569e+02	11.6	ok
mac-m1max	dd	qap8	529	upstream8	8	-	-	3	1.31	1.282431	19	-	-7.5694311344670120e+02	11.1	ok
mac-m1max	dd	control7	666	upstream8	8	-	-	1	13.76	13.632982	60	-	2.0625072243801760e+01	17.2	ok
mac-m1max	dd	control7	666	upstream8	8	-	-	2	13.74	13.605776	60	-	2.0625072243801760e+01	17.3	ok
mac-m1max	dd	control7	666	upstream8	8	-	-	3	13.66	13.529999	60	-	2.0625072243801760e+01	17.4	ok
mac-m1max	dd	qap9	748	upstream8	8	-	-	1	2.60	2.563708	21	-	-1.4099364945169009e+03	16.8	ok
mac-m1max	dd	qap9	748	upstream8	8	-	-	2	2.37	2.328147	19	-	-1.4099198868567180e+03	16.6	ok
mac-m1max	dd	qap9	748	upstream8	8	-	-	3	2.63	2.595132	21	-	-1.4099350064123516e+03	16.6	ok
mac-m1max	dd	theta3	1106	upstream8	8	-	-	1	14.50	14.419264	51	-	4.2166981488494407e+01	29.4	ok
mac-m1max	dd	theta3	1106	upstream8	8	-	-	2	17.79	17.729596	58	-	4.2166981488494407e+01	29.5	ok
mac-m1max	dd	theta3	1106	upstream8	8	-	-	3	16.27	16.124369	58	-	4.2166981488494407e+01	30.1	ok
mac-m1max	dd	control8	861	upstream8	8	-	-	1	25.45	25.266433	61	-	2.0286360379531459e+01	24.6	ok
mac-m1max	dd	control8	861	upstream8	8	-	-	2	24.05	23.867146	60	-	2.0286360379531459e+01	24.2	ok
mac-m1max	dd	control8	861	upstream8	8	-	-	3	24.51	24.322359	61	-	2.0286360379531459e+01	24.4	ok
mac-m1max	dd	control1	21	optimized1	1	-	0abc064f632dd6ff	1	0.03	0.014425	71	noINFO	1.7784626717523405e+01	8.4	ok
mac-m1max	dd	control1	21	optimized1	1	-	0abc064f632dd6ff	2	0.03	0.014456	71	noINFO	1.7784626717523405e+01	8.4	ok
mac-m1max	dd	control1	21	optimized1	1	-	0abc064f632dd6ff	3	0.03	0.014405	71	noINFO	1.7784626717523405e+01	8.4	ok
mac-m1max	dd	gpp100	101	optimized1	1	-	0abc064f632dd6ff	1	0.57	0.538888	23	pdINF	-4.4943074465425575e+01	8.4	ok
mac-m1max	dd	gpp100	101	optimized1	1	-	0abc064f632dd6ff	2	0.59	0.554796	23	pdINF	-4.4943074465425575e+01	8.4	ok
mac-m1max	dd	gpp100	101	optimized1	1	-	0abc064f632dd6ff	3	0.58	0.542095	23	pdINF	-4.4943074465425575e+01	8.4	ok
mac-m1max	dd	control2	66	optimized1	1	-	0abc064f632dd6ff	1	0.16	0.137505	64	noINFO	8.2999999857902349e+00	8.4	ok
mac-m1max	dd	control2	66	optimized1	1	-	0abc064f632dd6ff	2	0.16	0.139047	64	noINFO	8.2999999857902349e+00	8.4	ok
mac-m1max	dd	control2	66	optimized1	1	-	0abc064f632dd6ff	3	0.16	0.137814	64	noINFO	8.2999999857902349e+00	8.4	ok
mac-m1max	dd	gpp124-1	125	optimized1	1	-	0abc064f632dd6ff	1	1.07	1.032270	24	pdINF	-7.3429256740235607e+00	8.4	ok
mac-m1max	dd	gpp124-1	125	optimized1	1	-	0abc064f632dd6ff	2	1.06	1.022416	24	pdINF	-7.3429256740235607e+00	8.4	ok
mac-m1max	dd	gpp124-1	125	optimized1	1	-	0abc064f632dd6ff	3	1.11	1.071236	24	pdINF	-7.3429256740235607e+00	8.4	ok
mac-m1max	dd	theta1	104	optimized1	1	-	0abc064f632dd6ff	1	0.16	0.142997	50	pFEAS	2.3000000000000000e+01	8.4	ok
mac-m1max	dd	theta1	104	optimized1	1	-	0abc064f632dd6ff	2	0.17	0.145836	50	pFEAS	2.3000000000000000e+01	8.4	ok
mac-m1max	dd	theta1	104	optimized1	1	-	0abc064f632dd6ff	3	0.16	0.141700	50	pFEAS	2.3000000000000000e+01	8.4	ok
mac-m1max	dd	mcp100	100	optimized1	1	-	0abc064f632dd6ff	1	0.68	0.643587	54	pFEAS	2.2615735148330884e+02	8.4	ok
mac-m1max	dd	mcp100	100	optimized1	1	-	0abc064f632dd6ff	2	0.65	0.632040	54	pFEAS	2.2615735148330884e+02	8.4	ok
mac-m1max	dd	mcp100	100	optimized1	1	-	0abc064f632dd6ff	3	0.66	0.631982	54	pFEAS	2.2615735148330884e+02	8.4	ok
mac-m1max	dd	mcp124-1	124	optimized1	1	-	0abc064f632dd6ff	1	0.87	0.852804	50	pFEAS	1.4199047709767370e+02	8.4	ok
mac-m1max	dd	mcp124-1	124	optimized1	1	-	0abc064f632dd6ff	2	0.87	0.851878	50	pFEAS	1.4199047709767370e+02	8.4	ok
mac-m1max	dd	mcp124-1	124	optimized1	1	-	0abc064f632dd6ff	3	0.88	0.855499	50	pFEAS	1.4199047709767370e+02	8.4	ok
mac-m1max	dd	truss5	208	optimized1	1	-	0abc064f632dd6ff	1	0.65	0.615830	62	pFEAS	-1.3263567797250604e+02	8.4	ok
mac-m1max	dd	truss5	208	optimized1	1	-	0abc064f632dd6ff	2	0.67	0.629626	62	pFEAS	-1.3263567797250604e+02	8.4	ok
mac-m1max	dd	truss5	208	optimized1	1	-	0abc064f632dd6ff	3	0.64	0.615393	62	pFEAS	-1.3263567797250604e+02	8.4	ok
mac-m1max	dd	arch0	174	optimized1	1	-	0abc064f632dd6ff	1	9.06	9.015555	72	noINFO	5.6651727321592960e-01	9.3	ok
mac-m1max	dd	arch0	174	optimized1	1	-	0abc064f632dd6ff	2	9.19	9.159019	72	noINFO	5.6651727321592960e-01	9.3	ok
mac-m1max	dd	arch0	174	optimized1	1	-	0abc064f632dd6ff	3	9.01	8.969905	72	noINFO	5.6651727321592960e-01	9.3	ok
mac-m1max	dd	arch2	174	optimized1	1	-	0abc064f632dd6ff	1	10.87	10.840147	71	noINFO	6.7151540763990791e-01	9.4	ok
mac-m1max	dd	arch2	174	optimized1	1	-	0abc064f632dd6ff	2	10.92	10.881326	71	noINFO	6.7151540763990791e-01	9.3	ok
mac-m1max	dd	arch2	174	optimized1	1	-	0abc064f632dd6ff	3	10.78	10.739459	71	noINFO	6.7151540763990791e-01	9.4	ok
mac-m1max	dd	arch4	174	optimized1	1	-	0abc064f632dd6ff	1	11.00	10.968923	72	noINFO	9.7262741740980896e-01	9.4	ok
mac-m1max	dd	arch4	174	optimized1	1	-	0abc064f632dd6ff	2	10.91	10.872734	72	noINFO	9.7262741740980896e-01	9.3	ok
mac-m1max	dd	arch4	174	optimized1	1	-	0abc064f632dd6ff	3	10.84	10.811877	72	noINFO	9.7262741740980896e-01	9.4	ok
mac-m1max	dd	arch8	174	optimized1	1	-	0abc064f632dd6ff	1	9.94	9.910375	66	noINFO	7.0569800367002555e+00	9.4	ok
mac-m1max	dd	arch8	174	optimized1	1	-	0abc064f632dd6ff	2	9.90	9.870736	66	noINFO	7.0569800367002555e+00	9.4	ok
mac-m1max	dd	arch8	174	optimized1	1	-	0abc064f632dd6ff	3	9.91	9.880443	66	noINFO	7.0569800367002555e+00	9.4	ok
mac-m1max	dd	control5	351	optimized1	1	-	0abc064f632dd6ff	1	7.84	7.769144	59	noINFO	1.6883599050955794e+01	8.4	ok
mac-m1max	dd	control5	351	optimized1	1	-	0abc064f632dd6ff	2	7.79	7.714865	59	noINFO	1.6883599050955794e+01	8.4	ok
mac-m1max	dd	control5	351	optimized1	1	-	0abc064f632dd6ff	3	7.85	7.784672	59	noINFO	1.6883599050955794e+01	8.4	ok
mac-m1max	dd	control6	496	optimized1	1	-	0abc064f632dd6ff	1	19.35	19.245018	59	noINFO	3.7304412616333281e+01	10.4	ok
mac-m1max	dd	control6	496	optimized1	1	-	0abc064f632dd6ff	2	19.23	19.116900	59	noINFO	3.7304412616333281e+01	10.4	ok
mac-m1max	dd	control6	496	optimized1	1	-	0abc064f632dd6ff	3	19.26	19.126372	59	noINFO	3.7304412616333281e+01	10.4	ok
mac-m1max	dd	theta2	498	optimized1	1	-	0abc064f632dd6ff	1	3.31	3.277951	56	pFEAS	3.2879169015772582e+01	9.7	ok
mac-m1max	dd	theta2	498	optimized1	1	-	0abc064f632dd6ff	2	3.28	3.253282	56	pFEAS	3.2879169015772582e+01	9.7	ok
mac-m1max	dd	theta2	498	optimized1	1	-	0abc064f632dd6ff	3	3.30	3.267776	56	pFEAS	3.2879169015772582e+01	9.8	ok
mac-m1max	dd	qap8	529	optimized1	1	-	0abc064f632dd6ff	1	1.47	1.440233	19	noINFO	-7.5694312988433944e+02	9.4	ok
mac-m1max	dd	qap8	529	optimized1	1	-	0abc064f632dd6ff	2	1.45	1.422516	19	noINFO	-7.5694312988433944e+02	9.4	ok
mac-m1max	dd	qap8	529	optimized1	1	-	0abc064f632dd6ff	3	1.46	1.430279	19	noINFO	-7.5694312988433944e+02	9.4	ok
mac-m1max	dd	control7	666	optimized1	1	-	0abc064f632dd6ff	1	40.91	40.749911	60	noINFO	2.0625072243801760e+01	15.5	ok
mac-m1max	dd	control7	666	optimized1	1	-	0abc064f632dd6ff	2	40.90	40.736982	60	noINFO	2.0625072243801760e+01	15.6	ok
mac-m1max	dd	control7	666	optimized1	1	-	0abc064f632dd6ff	3	41.18	41.023124	60	noINFO	2.0625072243801760e+01	15.5	ok
mac-m1max	dd	qap9	748	optimized1	1	-	0abc064f632dd6ff	1	3.53	3.493248	19	noINFO	-1.4099198052029226e+03	14.3	ok
mac-m1max	dd	qap9	748	optimized1	1	-	0abc064f632dd6ff	2	3.52	3.486101	19	noINFO	-1.4099198052029226e+03	14.3	ok
mac-m1max	dd	qap9	748	optimized1	1	-	0abc064f632dd6ff	3	3.52	3.489347	19	noINFO	-1.4099198052029226e+03	14.3	ok
mac-m1max	dd	theta3	1106	optimized1	1	-	0abc064f632dd6ff	1	33.01	32.963685	68	pFEAS	4.2166981488494407e+01	27.8	ok
mac-m1max	dd	theta3	1106	optimized1	1	-	0abc064f632dd6ff	2	33.04	32.992878	68	pFEAS	4.2166981488494407e+01	27.8	ok
mac-m1max	dd	theta3	1106	optimized1	1	-	0abc064f632dd6ff	3	33.20	33.151677	68	pFEAS	4.2166981488494407e+01	27.8	ok
mac-m1max	dd	control8	861	optimized1	1	-	0abc064f632dd6ff	1	81.17	80.946540	61	noINFO	2.0286360379531459e+01	22.0	ok
mac-m1max	dd	control8	861	optimized1	1	-	0abc064f632dd6ff	2	80.02	79.800707	61	noINFO	2.0286360379531459e+01	21.9	ok
mac-m1max	dd	control8	861	optimized1	1	-	0abc064f632dd6ff	3	81.10	80.872431	61	noINFO	2.0286360379531459e+01	21.9	ok
mac-m1max	dd	control1	21	optimized8	8	-	0abc064f632dd6ff	1	0.03	0.014507	71	noINFO	1.7784626717523405e+01	8.4	ok
mac-m1max	dd	control1	21	optimized8	8	-	0abc064f632dd6ff	2	0.05	0.016799	71	noINFO	1.7784626717523405e+01	8.4	ok
mac-m1max	dd	control1	21	optimized8	8	-	0abc064f632dd6ff	3	0.03	0.014611	71	noINFO	1.7784626717523405e+01	8.4	ok
mac-m1max	dd	gpp100	101	optimized8	8	-	0abc064f632dd6ff	1	0.22	0.195420	23	pdINF	-4.4943074465425575e+01	8.4	ok
mac-m1max	dd	gpp100	101	optimized8	8	-	0abc064f632dd6ff	2	0.26	0.222636	23	pdINF	-4.4943074465425575e+01	8.4	ok
mac-m1max	dd	gpp100	101	optimized8	8	-	0abc064f632dd6ff	3	0.22	0.198034	23	pdINF	-4.4943074465425575e+01	8.4	ok
mac-m1max	dd	control2	66	optimized8	8	-	0abc064f632dd6ff	1	0.09	0.072353	64	noINFO	8.2999999857902349e+00	8.4	ok
mac-m1max	dd	control2	66	optimized8	8	-	0abc064f632dd6ff	2	0.09	0.072155	64	noINFO	8.2999999857902349e+00	8.4	ok
mac-m1max	dd	control2	66	optimized8	8	-	0abc064f632dd6ff	3	0.09	0.072676	64	noINFO	8.2999999857902349e+00	8.4	ok
mac-m1max	dd	gpp124-1	125	optimized8	8	-	0abc064f632dd6ff	1	0.36	0.297782	24	pdINF	-7.3429256740235607e+00	8.4	ok
mac-m1max	dd	gpp124-1	125	optimized8	8	-	0abc064f632dd6ff	2	0.40	0.355175	24	pdINF	-7.3429256740235607e+00	8.4	ok
mac-m1max	dd	gpp124-1	125	optimized8	8	-	0abc064f632dd6ff	3	0.33	0.299146	24	pdINF	-7.3429256740235607e+00	8.4	ok
mac-m1max	dd	theta1	104	optimized8	8	-	0abc064f632dd6ff	1	0.16	0.134540	50	pFEAS	2.3000000000000000e+01	8.4	ok
mac-m1max	dd	theta1	104	optimized8	8	-	0abc064f632dd6ff	2	0.14	0.124179	50	pFEAS	2.3000000000000000e+01	8.4	ok
mac-m1max	dd	theta1	104	optimized8	8	-	0abc064f632dd6ff	3	0.14	0.124873	50	pFEAS	2.3000000000000000e+01	8.4	ok
mac-m1max	dd	mcp100	100	optimized8	8	-	0abc064f632dd6ff	1	0.32	0.300507	54	pFEAS	2.2615735148330884e+02	8.4	ok
mac-m1max	dd	mcp100	100	optimized8	8	-	0abc064f632dd6ff	2	0.34	0.317217	54	pFEAS	2.2615735148330884e+02	8.4	ok
mac-m1max	dd	mcp100	100	optimized8	8	-	0abc064f632dd6ff	3	0.33	0.302656	54	pFEAS	2.2615735148330884e+02	8.4	ok
mac-m1max	dd	mcp124-1	124	optimized8	8	-	0abc064f632dd6ff	1	0.41	0.386820	50	pFEAS	1.4199047709767370e+02	8.4	ok
mac-m1max	dd	mcp124-1	124	optimized8	8	-	0abc064f632dd6ff	2	0.40	0.374427	50	pFEAS	1.4199047709767370e+02	8.4	ok
mac-m1max	dd	mcp124-1	124	optimized8	8	-	0abc064f632dd6ff	3	0.40	0.373236	50	pFEAS	1.4199047709767370e+02	8.4	ok
mac-m1max	dd	truss5	208	optimized8	8	-	0abc064f632dd6ff	1	0.62	0.580524	62	pFEAS	-1.3263567797250604e+02	8.4	ok
mac-m1max	dd	truss5	208	optimized8	8	-	0abc064f632dd6ff	2	0.57	0.543065	62	pFEAS	-1.3263567797250604e+02	8.4	ok
mac-m1max	dd	truss5	208	optimized8	8	-	0abc064f632dd6ff	3	0.57	0.539198	62	pFEAS	-1.3263567797250604e+02	8.4	ok
mac-m1max	dd	arch0	174	optimized8	8	-	0abc064f632dd6ff	1	2.10	2.065326	72	noINFO	5.6651727321592960e-01	9.5	ok
mac-m1max	dd	arch0	174	optimized8	8	-	0abc064f632dd6ff	2	2.08	2.039571	72	noINFO	5.6651727321592960e-01	9.5	ok
mac-m1max	dd	arch0	174	optimized8	8	-	0abc064f632dd6ff	3	2.03	1.993439	72	noINFO	5.6651727321592960e-01	9.5	ok
mac-m1max	dd	arch2	174	optimized8	8	-	0abc064f632dd6ff	1	2.37	2.342250	71	noINFO	6.7151540763990791e-01	9.5	ok
mac-m1max	dd	arch2	174	optimized8	8	-	0abc064f632dd6ff	2	2.28	2.233144	71	noINFO	6.7151540763990791e-01	9.5	ok
mac-m1max	dd	arch2	174	optimized8	8	-	0abc064f632dd6ff	3	2.31	2.277632	71	noINFO	6.7151540763990791e-01	9.5	ok
mac-m1max	dd	arch4	174	optimized8	8	-	0abc064f632dd6ff	1	2.29	2.253919	72	noINFO	9.7262741740980896e-01	9.5	ok
mac-m1max	dd	arch4	174	optimized8	8	-	0abc064f632dd6ff	2	2.26	2.230412	72	noINFO	9.7262741740980896e-01	9.5	ok
mac-m1max	dd	arch4	174	optimized8	8	-	0abc064f632dd6ff	3	2.28	2.251449	72	noINFO	9.7262741740980896e-01	9.5	ok
mac-m1max	dd	arch8	174	optimized8	8	-	0abc064f632dd6ff	1	2.04	2.002636	66	noINFO	7.0569800367002555e+00	9.6	ok
mac-m1max	dd	arch8	174	optimized8	8	-	0abc064f632dd6ff	2	2.06	2.027676	66	noINFO	7.0569800367002555e+00	9.5	ok
mac-m1max	dd	arch8	174	optimized8	8	-	0abc064f632dd6ff	3	2.07	2.032539	66	noINFO	7.0569800367002555e+00	9.5	ok
mac-m1max	dd	control5	351	optimized8	8	-	0abc064f632dd6ff	1	1.57	1.505528	59	noINFO	1.6883599050955794e+01	8.5	ok
mac-m1max	dd	control5	351	optimized8	8	-	0abc064f632dd6ff	2	1.61	1.536974	59	noINFO	1.6883599050955794e+01	8.6	ok
mac-m1max	dd	control5	351	optimized8	8	-	0abc064f632dd6ff	3	1.60	1.533135	59	noINFO	1.6883599050955794e+01	8.6	ok
mac-m1max	dd	control6	496	optimized8	8	-	0abc064f632dd6ff	1	3.76	3.653218	59	noINFO	3.7304412616333281e+01	11.9	ok
mac-m1max	dd	control6	496	optimized8	8	-	0abc064f632dd6ff	2	3.95	3.849416	59	noINFO	3.7304412616333281e+01	11.9	ok
mac-m1max	dd	control6	496	optimized8	8	-	0abc064f632dd6ff	3	3.54	3.437532	59	noINFO	3.7304412616333281e+01	11.8	ok
mac-m1max	dd	theta2	498	optimized8	8	-	0abc064f632dd6ff	1	1.05	1.022637	56	pFEAS	3.2879169015772582e+01	10.8	ok
mac-m1max	dd	theta2	498	optimized8	8	-	0abc064f632dd6ff	2	1.01	0.975523	56	pFEAS	3.2879169015772582e+01	10.5	ok
mac-m1max	dd	theta2	498	optimized8	8	-	0abc064f632dd6ff	3	1.08	0.981974	56	pFEAS	3.2879169015772582e+01	10.5	ok
mac-m1max	dd	qap8	529	optimized8	8	-	0abc064f632dd6ff	1	0.41	0.379593	19	noINFO	-7.5694312988433944e+02	10.7	ok
mac-m1max	dd	qap8	529	optimized8	8	-	0abc064f632dd6ff	2	0.45	0.426012	19	noINFO	-7.5694312988433944e+02	11.1	ok
mac-m1max	dd	qap8	529	optimized8	8	-	0abc064f632dd6ff	3	0.40	0.377014	19	noINFO	-7.5694312988433944e+02	10.8	ok
mac-m1max	dd	control7	666	optimized8	8	-	0abc064f632dd6ff	1	6.80	6.646940	60	noINFO	2.0625072243801760e+01	17.3	ok
mac-m1max	dd	control7	666	optimized8	8	-	0abc064f632dd6ff	2	6.65	6.500410	60	noINFO	2.0625072243801760e+01	17.5	ok
mac-m1max	dd	control7	666	optimized8	8	-	0abc064f632dd6ff	3	6.94	6.775584	60	noINFO	2.0625072243801760e+01	17.4	ok
mac-m1max	dd	qap9	748	optimized8	8	-	0abc064f632dd6ff	1	0.79	0.759191	19	noINFO	-1.4099198052029226e+03	16.2	ok
mac-m1max	dd	qap9	748	optimized8	8	-	0abc064f632dd6ff	2	0.81	0.772108	19	noINFO	-1.4099198052029226e+03	16.5	ok
mac-m1max	dd	qap9	748	optimized8	8	-	0abc064f632dd6ff	3	0.88	0.851264	19	noINFO	-1.4099198052029226e+03	16.7	ok
mac-m1max	dd	theta3	1106	optimized8	8	-	0abc064f632dd6ff	1	6.64	6.590701	68	pFEAS	4.2166981488494407e+01	29.3	ok
mac-m1max	dd	theta3	1106	optimized8	8	-	0abc064f632dd6ff	2	8.61	8.563894	68	pFEAS	4.2166981488494407e+01	29.0	ok
mac-m1max	dd	theta3	1106	optimized8	8	-	0abc064f632dd6ff	3	6.72	6.674488	68	pFEAS	4.2166981488494407e+01	30.0	ok
mac-m1max	dd	control8	861	optimized8	8	-	0abc064f632dd6ff	1	13.15	12.916078	61	noINFO	2.0286360379531459e+01	24.8	ok
mac-m1max	dd	control8	861	optimized8	8	-	0abc064f632dd6ff	2	12.90	12.675496	61	noINFO	2.0286360379531459e+01	24.3	ok
mac-m1max	dd	control8	861	optimized8	8	-	0abc064f632dd6ff	3	12.53	12.299184	61	noINFO	2.0286360379531459e+01	24.1	ok
